sku,name
81134,Studio Swing Arm Floor Lamp
82034,Studio Swing Arm Wall Light
91025,Studio Adjustable Floor Lamp
92000D,Classic Swing Arm Wall Lamp
92025,Studio Swing Arm Wall Light
AH2000,Dean Single Arm Sconce
AH2001,Dean Library Sconce
AH2002,Abbot Single Arm Sconce
AH2003,Abbot Library Sconce
AH2004,Bing Single Arm Sconce
AH2010,Ginger Single Arm Sconce
AH2012,Gene Swing Arm
AH2013,Gene Library Sconce
AH2700,"Dean 9"" Picture Light"
AH2701,"Dean 12"" Picture Light"
AH2702,"Dean 18"" Picture Light"
AH2703,"Dean 24"" Picture Light"
AH3024,Kate Table Lamp
AH3034,Yul Table Lamp
AH3040,Lucille Table Lamp
AH3044,Ingrid Table Lamp
AH3046,Burt Table Lamp
AH3049,Vivien Table Lamp
AH3063,Anita Table Lamp
AH3500,Estelle Display Lamp
AH4000,Audrey Flush Mount
AH4004,Frank Small Flush Mount
AH4010,Vivien Flush Mount
AH4014,Basil Small Flush Mount
AH4016,Sophia Small Flush Mount
AH5002,Charles Chandelier
AH5010,Myrna Chandelier
S1010,French Candlestick Floor Lamp
S1026,Georgetown Bridge Floor Lamp
S1100,Old Pharmacy Floor Lamp
S1200,Triple Swing Arm Floor Lamp
S2000,Triple Swing Arm Wall Lamp
S2005,Single Swing Arm Sconce
S2010,Candlestick Swing Arm
S2110,French Single Sconce
S2112,French Double Sconce
S2210,French Single Library Sconce
S2212,French Double Library Sconce
S2500,Primitive Swing Arm
S2650,Swivel Head Wall Lamp
BBL1002,Lotus Floor Lamp
BBL1018,Octagon Floor Lamp
BBL1023,Simple Floor Lamp
BBL1025,Petal Floor Lamp